package	url	weight
distinct	http://fmwww.bc.edu/repec/bocode/d/distinct.ado	127946
labutil	http://fmwww.bc.edu/repec/bocode/l/labutil.ado	120287
asgen	http://fmwww.bc.edu/repec/bocode/a/asgen.ado	118958
outreg2	http://fmwww.bc.edu/repec/bocode/o/outreg2.ado	75316
estout	http://fmwww.bc.edu/repec/bocode/e/estout.ado	57034
asdoc	http://fmwww.bc.edu/repec/bocode/a/asdoc.ado	36353
winsor2	http://fmwww.bc.edu/repec/bocode/w/winsor2.ado	34843
logout	http://fmwww.bc.edu/repec/bocode/l/logout.ado	17642
reghdfe	http://fmwww.bc.edu/repec/bocode/r/reghdfe.ado	14805
psmatch2	http://fmwww.bc.edu/repec/bocode/p/psmatch2.ado	13360
ivreg210	http://fmwww.bc.edu/repec/bocode/i/ivreg210.ado	13348
ivreg2	http://fmwww.bc.edu/repec/bocode/i/ivreg2.ado	13323
ivreg29	http://fmwww.bc.edu/repec/bocode/i/ivreg29.ado	13229
ivreg28	http://fmwww.bc.edu/repec/bocode/i/ivreg28.ado	13074
winsor	http://fmwww.bc.edu/repec/bocode/w/winsor.ado	12678
ftools	http://fmwww.bc.edu/repec/bocode/f/ftools.ado	12597
filelist	http://fmwww.bc.edu/repec/bocode/f/filelist.ado	12571
coefplot	http://fmwww.bc.edu/repec/bocode/c/coefplot.ado	11601
fre	http://fmwww.bc.edu/repec/bocode/f/fre.ado	9455
egenmore	http://fmwww.bc.edu/repec/bocode/e/egenmore.ado	9369
ranktest	http://fmwww.bc.edu/repec/bocode/r/ranktest.ado	8870
unique	http://fmwww.bc.edu/repec/bocode/u/unique.ado	8130
mdesc	http://fmwww.bc.edu/repec/bocode/m/mdesc.ado	7212
kountry	http://fmwww.bc.edu/repec/bocode/k/kountry.ado	7096
diff	http://fmwww.bc.edu/repec/bocode/d/diff.ado	6547
sum2docx	http://fmwww.bc.edu/repec/bocode/s/sum2docx.ado	6114
spmap	http://fmwww.bc.edu/repec/bocode/s/spmap.ado	5871
xtabond2	http://fmwww.bc.edu/repec/bocode/x/xtabond2.ado	5734
center	http://fmwww.bc.edu/repec/bocode/c/center.ado	5573
xttest3	http://fmwww.bc.edu/repec/bocode/x/xttest3.ado	5555
xtoverid	http://fmwww.bc.edu/repec/bocode/x/xtoverid.ado	5100
_gwtmean	http://fmwww.bc.edu/repec/bocode/_/_gwtmean.ado	4951
tscollap	http://fmwww.bc.edu/repec/bocode/t/tscollap.ado	4880
shp2dta	http://fmwww.bc.edu/repec/bocode/s/shp2dta.ado	4816
tableplot	http://fmwww.bc.edu/repec/bocode/t/tableplot.ado	4652
binscatter	http://fmwww.bc.edu/repec/bocode/b/binscatter.ado	4650
reg2docx	http://fmwww.bc.edu/repec/bocode/r/reg2docx.ado	4445
missings	http://fmwww.bc.edu/repec/bocode/m/missings.ado	4380
outreg	http://fmwww.bc.edu/repec/bocode/o/outreg.ado	4334
bcuse	http://fmwww.bc.edu/repec/bocode/b/bcuse.ado	4320
tabout	http://fmwww.bc.edu/repec/bocode/t/tabout.ado	4255
synth	http://fmwww.bc.edu/repec/bocode/s/synth.ado	4223
metan	http://fmwww.bc.edu/repec/bocode/m/metan.ado	4156
xtivreg2	http://fmwww.bc.edu/repec/bocode/x/xtivreg2.ado	4094
asreg	http://fmwww.bc.edu/repec/bocode/a/asreg.ado	3981
gtools	http://fmwww.bc.edu/repec/bocode/g/gtools.ado	3884
carryforward	http://fmwww.bc.edu/repec/bocode/c/carryforward.ado	3804
rangestat	http://fmwww.bc.edu/repec/bocode/r/rangestat.ado	3620
fs	http://fmwww.bc.edu/repec/bocode/f/fs.ado	3362
catplot	http://fmwww.bc.edu/repec/bocode/c/catplot.ado	3279
ereplace	http://fmwww.bc.edu/repec/bocode/e/ereplace.ado	3268
xtbalance	http://fmwww.bc.edu/repec/bocode/x/xtbalance.ado	3233
corr2docx	http://fmwww.bc.edu/repec/bocode/c/corr2docx.ado	3212
geodist	http://fmwww.bc.edu/repec/bocode/g/geodist.ado	3174
factortest	http://fmwww.bc.edu/repec/bocode/f/factortest.ado	2863
dataex	http://fmwww.bc.edu/repec/bocode/d/dataex.ado	2856
xtcsd	http://fmwww.bc.edu/repec/bocode/x/xtcsd.ado	2640
ivreghdfe	http://fmwww.bc.edu/repec/bocode/i/ivreghdfe.ado	2632
palettes	http://fmwww.bc.edu/repec/bocode/p/palettes.ado	2410
nmissing	http://fmwww.bc.edu/repec/bocode/n/nmissing.ado	2228
xtivreg28	http://fmwww.bc.edu/repec/bocode/x/xtivreg28.ado	2119
ppmlhdfe	http://fmwww.bc.edu/repec/bocode/p/ppmlhdfe.ado	2117
overid	http://fmwww.bc.edu/repec/bocode/o/overid.ado	2114
mif2dta	http://fmwww.bc.edu/repec/bocode/m/mif2dta.ado	2104
asrol	http://fmwww.bc.edu/repec/bocode/a/asrol.ado	2098
avar	http://fmwww.bc.edu/repec/bocode/a/avar.ado	2091
lianxh	http://fmwww.bc.edu/repec/bocode/l/lianxh.ado	2001
jb	http://fmwww.bc.edu/repec/bocode/j/jb.ado	1958
xtscc	http://fmwww.bc.edu/repec/bocode/x/xtscc.ado	1901
xttest2	http://fmwww.bc.edu/repec/bocode/x/xttest2.ado	1878
rd	http://fmwww.bc.edu/repec/bocode/r/rd.ado	1872
matchit	http://fmwww.bc.edu/repec/bocode/m/matchit.ado	1849
weakivtest	http://fmwww.bc.edu/repec/bocode/w/weakivtest.ado	1827
groups	http://fmwww.bc.edu/repec/bocode/g/groups.ado	1744
fitstat	http://fmwww.bc.edu/repec/bocode/f/fitstat.ado	1736
tuples	http://fmwww.bc.edu/repec/bocode/t/tuples.ado	1717
tsmktim	http://fmwww.bc.edu/repec/bocode/t/tsmktim.ado	1706
ineqdeco	http://fmwww.bc.edu/repec/bocode/i/ineqdeco.ado	1696
nearmrg	http://fmwww.bc.edu/repec/bocode/n/nearmrg.ado	1684
spwmatrix	http://fmwww.bc.edu/repec/bocode/s/spwmatrix.ado	1671
wbopendata	http://fmwww.bc.edu/repec/bocode/w/wbopendata.ado	1654
ardl	http://fmwww.bc.edu/repec/bocode/a/ardl.ado	1647
newey2	http://fmwww.bc.edu/repec/bocode/n/newey2.ado	1641
corrtex	http://fmwww.bc.edu/repec/bocode/c/corrtex.ado	1638
mipolate	http://fmwww.bc.edu/repec/bocode/m/mipolate.ado	1622
ipdmetan	http://fmwww.bc.edu/repec/bocode/i/ipdmetan.ado	1613
bdiff	http://fmwww.bc.edu/repec/bocode/b/bdiff.ado	1555
table1_mc	http://fmwww.bc.edu/repec/bocode/t/table1_mc.ado	1515
metabias	http://fmwww.bc.edu/repec/bocode/m/metabias.ado	1497
parmest	http://fmwww.bc.edu/repec/bocode/p/parmest.ado	1482
xsmle	http://fmwww.bc.edu/repec/bocode/x/xsmle.ado	1465
xls2dta	http://fmwww.bc.edu/repec/bocode/x/xls2dta.ado	1446
fillmissing	http://fmwww.bc.edu/repec/bocode/f/fillmissing.ado	1440
ivregress2	http://fmwww.bc.edu/repec/bocode/i/ivregress2.ado	1416
labone	http://fmwww.bc.edu/repec/bocode/l/labone.ado	1406
ppml	http://fmwww.bc.edu/repec/bocode/p/ppml.ado	1398
extremes	http://fmwww.bc.edu/repec/bocode/e/extremes.ado	1397
egranger	http://fmwww.bc.edu/repec/bocode/e/egranger.ado	1380
freduse	http://fmwww.bc.edu/repec/bocode/f/freduse.ado	1364
oaxaca	http://fmwww.bc.edu/repec/bocode/o/oaxaca.ado	1352
mmerge	http://fmwww.bc.edu/repec/bocode/m/mmerge.ado	1335
freqindex	http://fmwww.bc.edu/repec/bocode/f/freqindex.ado	1312
gzsave	http://fmwww.bc.edu/repec/bocode/g/gzsave.ado	1305
rdrobust	http://fmwww.bc.edu/repec/bocode/r/rdrobust.ado	1297
ttable2	http://fmwww.bc.edu/repec/bocode/t/ttable2.ado	1295
table1	http://fmwww.bc.edu/repec/bocode/t/table1.ado	1289
grqreg	http://fmwww.bc.edu/repec/bocode/g/grqreg.ado	1282
ciplot	http://fmwww.bc.edu/repec/bocode/c/ciplot.ado	1281
numdate	http://fmwww.bc.edu/repec/bocode/n/numdate.ado	1261
t2docx	http://fmwww.bc.edu/repec/bocode/t/t2docx.ado	1258
sencode	http://fmwww.bc.edu/repec/bocode/s/sencode.ado	1250
fastxtile	http://fmwww.bc.edu/repec/bocode/f/fastxtile.ado	1213
songbl	http://fmwww.bc.edu/repec/bocode/s/songbl.ado	1211
fsum	http://fmwww.bc.edu/repec/bocode/f/fsum.ado	1205
txttool	http://fmwww.bc.edu/repec/bocode/t/txttool.ado	1200
astile	http://fmwww.bc.edu/repec/bocode/a/astile.ado	1194
metafunnel	http://fmwww.bc.edu/repec/bocode/m/metafunnel.ado	1187
aaplot	http://fmwww.bc.edu/repec/bocode/a/aaplot.ado	1186
mtefe	http://fmwww.bc.edu/repec/bocode/m/mtefe.ado	1182
underid	http://fmwww.bc.edu/repec/bocode/u/underid.ado	1169
vioplot	http://fmwww.bc.edu/repec/bocode/v/vioplot.ado	1162
mat2txt	http://fmwww.bc.edu/repec/bocode/m/mat2txt.ado	1161
sxpose	http://fmwww.bc.edu/repec/bocode/s/sxpose.ado	1154
ginidesc	http://fmwww.bc.edu/repec/bocode/g/ginidesc.ado	1152
metaninf	http://fmwww.bc.edu/repec/bocode/m/metaninf.ado	1141
lgraph	http://fmwww.bc.edu/repec/bocode/l/lgraph.ado	1136
tidy	http://fmwww.bc.edu/repec/bocode/t/tidy.ado	1132
cem	http://fmwww.bc.edu/repec/bocode/c/cem.ado	1125
whitetst	http://fmwww.bc.edu/repec/bocode/w/whitetst.ado	1097
splitvallabels	http://fmwww.bc.edu/repec/bocode/s/splitvallabels.ado	1083
ritest	http://fmwww.bc.edu/repec/bocode/r/ritest.ado	1066
xtable	http://fmwww.bc.edu/repec/bocode/x/xtable.ado	1059
tsspell	http://fmwww.bc.edu/repec/bocode/t/tsspell.ado	1041
reclink	http://fmwww.bc.edu/repec/bocode/r/reclink.ado	1037
charlist	http://fmwww.bc.edu/repec/bocode/c/charlist.ado	1022
importsav	http://fmwww.bc.edu/repec/bocode/i/importsav.ado	1009
levinlin	http://fmwww.bc.edu/repec/bocode/l/levinlin.ado	1009
regsave	http://fmwww.bc.edu/repec/bocode/r/regsave.ado	997
fcstats	http://fmwww.bc.edu/repec/bocode/f/fcstats.ado	995
ttable3	http://fmwww.bc.edu/repec/bocode/t/ttable3.ado	995
boottest	http://fmwww.bc.edu/repec/bocode/b/boottest.ado	986
revrs	http://fmwww.bc.edu/repec/bocode/r/revrs.ado	983
moss	http://fmwww.bc.edu/repec/bocode/m/moss.ado	979
metareg	http://fmwww.bc.edu/repec/bocode/m/metareg.ado	956
balancetable	http://fmwww.bc.edu/repec/bocode/b/balancetable.ado	938
nbercycles	http://fmwww.bc.edu/repec/bocode/n/nbercycles.ado	926
eventstudy2	http://fmwww.bc.edu/repec/bocode/e/eventstudy2.ado	923
labellist	http://fmwww.bc.edu/repec/bocode/l/labellist.ado	913
omodel	http://fmwww.bc.edu/repec/bocode/o/omodel.ado	907
qregpd	http://fmwww.bc.edu/repec/bocode/q/qregpd.ado	906
parallel	http://fmwww.bc.edu/repec/bocode/p/parallel.ado	901
xtwest	http://fmwww.bc.edu/repec/bocode/x/xtwest.ado	898
tsegen	http://fmwww.bc.edu/repec/bocode/t/tsegen.ado	886
cibar	http://fmwww.bc.edu/repec/bocode/c/cibar.ado	885
sppack	http://fmwww.bc.edu/repec/bocode/s/sppack.ado	882
confirmdir	http://fmwww.bc.edu/repec/bocode/c/confirmdir.ado	878
utest	http://fmwww.bc.edu/repec/bocode/u/utest.ado	877
cdfplot	http://fmwww.bc.edu/repec/bocode/c/cdfplot.ado	875
maptile	http://fmwww.bc.edu/repec/bocode/m/maptile.ado	865
xtqreg	http://fmwww.bc.edu/repec/bocode/x/xtqreg.ado	865
ascol	http://fmwww.bc.edu/repec/bocode/a/ascol.ado	862
tab_chi	http://fmwww.bc.edu/repec/bocode/t/tab_chi.ado	853
gcause	http://fmwww.bc.edu/repec/bocode/g/gcause.ado	846
renvarlab	http://fmwww.bc.edu/repec/bocode/r/renvarlab.ado	844
statastates	http://fmwww.bc.edu/repec/bocode/s/statastates.ado	842
personage	http://fmwww.bc.edu/repec/bocode/p/personage.ado	841
dataout	http://fmwww.bc.edu/repec/bocode/d/dataout.ado	814
ridgereg	http://fmwww.bc.edu/repec/bocode/r/ridgereg.ado	810
midas	http://fmwww.bc.edu/repec/bocode/m/midas.ado	808
xtpmg	http://fmwww.bc.edu/repec/bocode/x/xtpmg.ado	806
deci	http://fmwww.bc.edu/repec/bocode/d/deci.ado	800
findname	http://fmwww.bc.edu/repec/bocode/f/findname.ado	796
lassopack	http://fmwww.bc.edu/repec/bocode/l/lassopack.ado	796
tvdiff	http://fmwww.bc.edu/repec/bocode/t/tvdiff.ado	795
hdfe	http://fmwww.bc.edu/repec/bocode/h/hdfe.ado	793
cmp	http://fmwww.bc.edu/repec/bocode/c/cmp.ado	776
did_multiplegt	http://fmwww.bc.edu/repec/bocode/d/did_multiplegt.ado	772
cntrade	http://fmwww.bc.edu/repec/bocode/c/cntrade.ado	760
ua	http://fmwww.bc.edu/repec/bocode/u/ua.ado	754
savesome	http://fmwww.bc.edu/repec/bocode/s/savesome.ado	752
weakiv	http://fmwww.bc.edu/repec/bocode/w/weakiv.ado	749
appendfile	http://fmwww.bc.edu/repec/bocode/a/appendfile.ado	747
ietoolkit	http://fmwww.bc.edu/repec/bocode/i/ietoolkit.ado	742
mrtab	http://fmwww.bc.edu/repec/bocode/m/mrtab.ado	741
quantiles	http://fmwww.bc.edu/repec/bocode/q/quantiles.ado	740
sepscatter	http://fmwww.bc.edu/repec/bocode/s/sepscatter.ado	730
texsave	http://fmwww.bc.edu/repec/bocode/t/texsave.ado	723
texdoc	http://fmwww.bc.edu/repec/bocode/t/texdoc.ado	712
mkcorr	http://fmwww.bc.edu/repec/bocode/m/mkcorr.ado	709
hprescott	http://fmwww.bc.edu/repec/bocode/h/hprescott.ado	707
libjson	http://fmwww.bc.edu/repec/bocode/l/libjson.ado	694
sbbq	http://fmwww.bc.edu/repec/bocode/s/sbbq.ado	694
cmogram	http://fmwww.bc.edu/repec/bocode/c/cmogram.ado	694
mixlogit	http://fmwww.bc.edu/repec/bocode/m/mixlogit.ado	688
kpss	http://fmwww.bc.edu/repec/bocode/k/kpss.ado	686
oparallel	http://fmwww.bc.edu/repec/bocode/o/oparallel.ado	679
hhi5	http://fmwww.bc.edu/repec/bocode/h/hhi5.ado	677
gologit2	http://fmwww.bc.edu/repec/bocode/g/gologit2.ado	667
matsort	http://fmwww.bc.edu/repec/bocode/m/matsort.ado	661
chewfile	http://fmwww.bc.edu/repec/bocode/c/chewfile.ado	657
eventdd	http://fmwww.bc.edu/repec/bocode/e/eventdd.ado	655
insheetjson	http://fmwww.bc.edu/repec/bocode/i/insheetjson.ado	648
glcurve	http://fmwww.bc.edu/repec/bocode/g/glcurve.ado	648
geonear	http://fmwww.bc.edu/repec/bocode/g/geonear.ado	646
getsymbols	http://fmwww.bc.edu/repec/bocode/g/getsymbols.ado	642
qreg2	http://fmwww.bc.edu/repec/bocode/q/qreg2.ado	638
gllamm	http://fmwww.bc.edu/repec/bocode/g/gllamm.ado	625
runby	http://fmwww.bc.edu/repec/bocode/r/runby.ado	614
ivendog	http://fmwww.bc.edu/repec/bocode/i/ivendog.ado	614
ineqdec0	http://fmwww.bc.edu/repec/bocode/i/ineqdec0.ado	611
ebalance	http://fmwww.bc.edu/repec/bocode/e/ebalance.ado	609
xtgcause	http://fmwww.bc.edu/repec/bocode/x/xtgcause.ado	605
xtfisher	http://fmwww.bc.edu/repec/bocode/x/xtfisher.ado	603
mylabels	http://fmwww.bc.edu/repec/bocode/m/mylabels.ado	602
combomarginsplot	http://fmwww.bc.edu/repec/bocode/c/combomarginsplot.ado	596
tmpdir	http://fmwww.bc.edu/repec/bocode/t/tmpdir.ado	595
markstat	http://fmwww.bc.edu/repec/bocode/m/markstat.ado	588
todate	http://fmwww.bc.edu/repec/bocode/t/todate.ado	577
xtfmb	http://fmwww.bc.edu/repec/bocode/x/xtfmb.ado	574
concindc	http://fmwww.bc.edu/repec/bocode/c/concindc.ado	574
lorenz	http://fmwww.bc.edu/repec/bocode/l/lorenz.ado	571
nrow	http://fmwww.bc.edu/repec/bocode/n/nrow.ado	569
xml_tab	http://fmwww.bc.edu/repec/bocode/x/xml_tab.ado	566
heatplot	http://fmwww.bc.edu/repec/bocode/h/heatplot.ado	560
onespell	http://fmwww.bc.edu/repec/bocode/o/onespell.ado	557
prodest	http://fmwww.bc.edu/repec/bocode/p/prodest.ado	555
bacondecomp	http://fmwww.bc.edu/repec/bocode/b/bacondecomp.ado	554
rmse	http://fmwww.bc.edu/repec/bocode/r/rmse.ado	550
labvars	http://fmwww.bc.edu/repec/bocode/l/labvars.ado	549
geo2xy	http://fmwww.bc.edu/repec/bocode/g/geo2xy.ado	548
ipshin	http://fmwww.bc.edu/repec/bocode/i/ipshin.ado	547
geoinpoly	http://fmwww.bc.edu/repec/bocode/g/geoinpoly.ado	545
xtcointreg	http://fmwww.bc.edu/repec/bocode/x/xtcointreg.ado	543
splagvar	http://fmwww.bc.edu/repec/bocode/s/splagvar.ado	543
jarowinkler	http://fmwww.bc.edu/repec/bocode/j/jarowinkler.ado	542
nnmatch	http://fmwww.bc.edu/repec/bocode/n/nnmatch.ado	536
whereis	http://fmwww.bc.edu/repec/bocode/w/whereis.ado	532
jb6	http://fmwww.bc.edu/repec/bocode/j/jb6.ado	530
listtab	http://fmwww.bc.edu/repec/bocode/l/listtab.ado	527
ivhettest	http://fmwww.bc.edu/repec/bocode/i/ivhettest.ado	526
mergemany	http://fmwww.bc.edu/repec/bocode/m/mergemany.ado	524
xtcd2	http://fmwww.bc.edu/repec/bocode/x/xtcd2.ado	518
corsp	http://fmwww.bc.edu/repec/bocode/c/corsp.ado	518
sfcross	http://fmwww.bc.edu/repec/bocode/s/sfcross.ado	515
rangejoin	http://fmwww.bc.edu/repec/bocode/r/rangejoin.ado	510
_gprod	http://fmwww.bc.edu/repec/bocode/_/_gprod.ado	509
pescadf	http://fmwww.bc.edu/repec/bocode/p/pescadf.ado	508
tabstatmat	http://fmwww.bc.edu/repec/bocode/t/tabstatmat.ado	506
xtdcce2	http://fmwww.bc.edu/repec/bocode/x/xtdcce2.ado	505
estudy	http://fmwww.bc.edu/repec/bocode/e/estudy.ado	502
labvalch3	http://fmwww.bc.edu/repec/bocode/l/labvalch3.ado	501
gvselect	http://fmwww.bc.edu/repec/bocode/g/gvselect.ado	498
strdist	http://fmwww.bc.edu/repec/bocode/s/strdist.ado	492
labmv	http://fmwww.bc.edu/repec/bocode/l/labmv.ado	486
labutil2	http://fmwww.bc.edu/repec/bocode/l/labutil2.ado	484
missing	http://fmwww.bc.edu/repec/bocode/m/missing.ado	481
xtpattern	http://fmwww.bc.edu/repec/bocode/x/xtpattern.ado	479
xtmg	http://fmwww.bc.edu/repec/bocode/x/xtmg.ado	474
labmm	http://fmwww.bc.edu/repec/bocode/l/labmm.ado	470
stripplot	http://fmwww.bc.edu/repec/bocode/s/stripplot.ado	465
psestimate	http://fmwww.bc.edu/repec/bocode/p/psestimate.ado	465
addplot	http://fmwww.bc.edu/repec/bocode/a/addplot.ado	463
tabplot	http://fmwww.bc.edu/repec/bocode/t/tabplot.ado	463
xtcd	http://fmwww.bc.edu/repec/bocode/x/xtcd.ado	462
txtlabdef	http://fmwww.bc.edu/repec/bocode/t/txtlabdef.ado	461
mkprofile	http://fmwww.bc.edu/repec/bocode/m/mkprofile.ado	461
labrec	http://fmwww.bc.edu/repec/bocode/l/labrec.ado	459
vselect	http://fmwww.bc.edu/repec/bocode/v/vselect.ado	459
uselab	http://fmwww.bc.edu/repec/bocode/u/uselab.ado	458
zscore06	http://fmwww.bc.edu/repec/bocode/z/zscore06.ado	458
labvalpool	http://fmwww.bc.edu/repec/bocode/l/labvalpool.ado	457
openall	http://fmwww.bc.edu/repec/bocode/o/openall.ado	455
labvalcl	http://fmwww.bc.edu/repec/bocode/l/labvalcl.ado	455
shortdir	http://fmwww.bc.edu/repec/bocode/s/shortdir.ado	453
orth_out	http://fmwww.bc.edu/repec/bocode/o/orth_out.ado	449
flexpaneldid	http://fmwww.bc.edu/repec/bocode/f/flexpaneldid.ado	446
fagan	http://fmwww.bc.edu/repec/bocode/f/fagan.ado	443
tab3way	http://fmwww.bc.edu/repec/bocode/t/tab3way.ado	441
mediation	http://fmwww.bc.edu/repec/bocode/m/mediation.ado	440
firthlogit	http://fmwww.bc.edu/repec/bocode/f/firthlogit.ado	440
chowreg	http://fmwww.bc.edu/repec/bocode/c/chowreg.ado	433
xtgraph	http://fmwww.bc.edu/repec/bocode/x/xtgraph.ado	424
spineplot	http://fmwww.bc.edu/repec/bocode/s/spineplot.ado	423
fmlogit	http://fmwww.bc.edu/repec/bocode/f/fmlogit.ado	422
ftest	http://fmwww.bc.edu/repec/bocode/f/ftest.ado	419
labsumm	http://fmwww.bc.edu/repec/bocode/l/labsumm.ado	417
network	http://fmwww.bc.edu/repec/bocode/n/network.ado	414
itsa	http://fmwww.bc.edu/repec/bocode/i/itsa.ado	413
sfpanel	http://fmwww.bc.edu/repec/bocode/s/sfpanel.ado	412
interflex	http://fmwww.bc.edu/repec/bocode/i/interflex.ado	410
xtcdf	http://fmwww.bc.edu/repec/bocode/x/xtcdf.ado	410
epiweek	http://fmwww.bc.edu/repec/bocode/e/epiweek.ado	409
mean2	http://fmwww.bc.edu/repec/bocode/m/mean2.ado	405
regcheck	http://fmwww.bc.edu/repec/bocode/r/regcheck.ado	404
cusum6	http://fmwww.bc.edu/repec/bocode/c/cusum6.ado	403
inequal7	http://fmwww.bc.edu/repec/bocode/i/inequal7.ado	402
mixlogitwtp	http://fmwww.bc.edu/repec/bocode/m/mixlogitwtp.ado	402
outtable	http://fmwww.bc.edu/repec/bocode/o/outtable.ado	399
wid	http://fmwww.bc.edu/repec/bocode/w/wid.ado	398
twowayfeweights	http://fmwww.bc.edu/repec/bocode/t/twowayfeweights.ado	397
zandrews	http://fmwww.bc.edu/repec/bocode/z/zandrews.ado	396
actest	http://fmwww.bc.edu/repec/bocode/a/actest.ado	394
somersd	http://fmwww.bc.edu/repec/bocode/s/somersd.ado	393
outsum	http://fmwww.bc.edu/repec/bocode/o/outsum.ado	392
rhausman	http://fmwww.bc.edu/repec/bocode/r/rhausman.ado	390
fastgini	http://fmwww.bc.edu/repec/bocode/f/fastgini.ado	388
nysiis	http://fmwww.bc.edu/repec/bocode/n/nysiis.ado	388
khb	http://fmwww.bc.edu/repec/bocode/k/khb.ado	387
rcsgen	http://fmwww.bc.edu/repec/bocode/r/rcsgen.ado	385
xtserialpm	http://fmwww.bc.edu/repec/bocode/x/xtserialpm.ado	384
mvmeta	http://fmwww.bc.edu/repec/bocode/m/mvmeta.ado	381
hhi	http://fmwww.bc.edu/repec/bocode/h/hhi.ado	381
ghk2	http://fmwww.bc.edu/repec/bocode/g/ghk2.ado	378
vincenty	http://fmwww.bc.edu/repec/bocode/v/vincenty.ado	375
psacalc	http://fmwww.bc.edu/repec/bocode/p/psacalc.ado	374
sicff	http://fmwww.bc.edu/repec/bocode/s/sicff.ado	371
usesas	http://fmwww.bc.edu/repec/bocode/u/usesas.ado	370
xtlsdvc	http://fmwww.bc.edu/repec/bocode/x/xtlsdvc.ado	369
savespss	http://fmwww.bc.edu/repec/bocode/s/savespss.ado	369
medsem	http://fmwww.bc.edu/repec/bocode/m/medsem.ado	368
coldiag2	http://fmwww.bc.edu/repec/bocode/c/coldiag2.ado	367
ivreg2h	http://fmwww.bc.edu/repec/bocode/i/ivreg2h.ado	365
xtcips	http://fmwww.bc.edu/repec/bocode/x/xtcips.ado	362
sutex	http://fmwww.bc.edu/repec/bocode/s/sutex.ado	362
stcompet	http://fmwww.bc.edu/repec/bocode/s/stcompet.ado	359
rsource	http://fmwww.bc.edu/repec/bocode/r/rsource.ado	358
multipurt	http://fmwww.bc.edu/repec/bocode/m/multipurt.ado	357
malmq2	http://fmwww.bc.edu/repec/bocode/m/malmq2.ado	355
savasas	http://fmwww.bc.edu/repec/bocode/s/savasas.ado	353
spcs2xt	http://fmwww.bc.edu/repec/bocode/s/spcs2xt.ado	352
cutpt	http://fmwww.bc.edu/repec/bocode/c/cutpt.ado	351
metatrim	http://fmwww.bc.edu/repec/bocode/m/metatrim.ado	347
metacum	http://fmwww.bc.edu/repec/bocode/m/metacum.ado	346
xtdpdgmm	http://fmwww.bc.edu/repec/bocode/x/xtdpdgmm.ado	345
mergepoly	http://fmwww.bc.edu/repec/bocode/m/mergepoly.ado	343
graph3d	http://fmwww.bc.edu/repec/bocode/g/graph3d.ado	341
chowtest	http://fmwww.bc.edu/repec/bocode/c/chowtest.ado	341
rowsort	http://fmwww.bc.edu/repec/bocode/r/rowsort.ado	341
mfx2	http://fmwww.bc.edu/repec/bocode/m/mfx2.ado	339
rif	http://fmwww.bc.edu/repec/bocode/r/rif.ado	337
radar	http://fmwww.bc.edu/repec/bocode/r/radar.ado	335
bigtab	http://fmwww.bc.edu/repec/bocode/b/bigtab.ado	333
ttesttable	http://fmwww.bc.edu/repec/bocode/t/ttesttable.ado	333
lclogit	http://fmwww.bc.edu/repec/bocode/l/lclogit.ado	333
surface	http://fmwww.bc.edu/repec/bocode/s/surface.ado	332
mergeall	http://fmwww.bc.edu/repec/bocode/m/mergeall.ado	332
trimmean	http://fmwww.bc.edu/repec/bocode/t/trimmean.ado	331
elabel	http://fmwww.bc.edu/repec/bocode/e/elabel.ado	329
xtpedroni	http://fmwww.bc.edu/repec/bocode/x/xtpedroni.ado	328
randtreat	http://fmwww.bc.edu/repec/bocode/r/randtreat.ado	327
xtmrho	http://fmwww.bc.edu/repec/bocode/x/xtmrho.ado	320
multencode	http://fmwww.bc.edu/repec/bocode/m/multencode.ado	318
tabcount	http://fmwww.bc.edu/repec/bocode/t/tabcount.ado	317
indeplist	http://fmwww.bc.edu/repec/bocode/i/indeplist.ado	316
vreverse	http://fmwww.bc.edu/repec/bocode/v/vreverse.ado	314
isko	http://fmwww.bc.edu/repec/bocode/i/isko.ado	314
saswrapper	http://fmwww.bc.edu/repec/bocode/s/saswrapper.ado	314
kdens	http://fmwww.bc.edu/repec/bocode/k/kdens.ado	313
xtsur	http://fmwww.bc.edu/repec/bocode/x/xtsur.ado	311
cpigen	http://fmwww.bc.edu/repec/bocode/c/cpigen.ado	311
lambda	http://fmwww.bc.edu/repec/bocode/l/lambda.ado	309
kwallis2	http://fmwww.bc.edu/repec/bocode/k/kwallis2.ado	305
kmatch	http://fmwww.bc.edu/repec/bocode/k/kmatch.ado	304
hausman	http://fmwww.bc.edu/repec/bocode/h/hausman.ado	303
survwgt	http://fmwww.bc.edu/repec/bocode/s/survwgt.ado	302
rforest	http://fmwww.bc.edu/repec/bocode/r/rforest.ado	300
mvprobit	http://fmwww.bc.edu/repec/bocode/m/mvprobit.ado	299
descsave	http://fmwww.bc.edu/repec/bocode/d/descsave.ado	299
pdslasso	http://fmwww.bc.edu/repec/bocode/p/pdslasso.ado	298
eclplot	http://fmwww.bc.edu/repec/bocode/e/eclplot.ado	297
hireg	http://fmwww.bc.edu/repec/bocode/h/hireg.ado	295
tvgc	http://fmwww.bc.edu/repec/bocode/t/tvgc.ado	295
ppml_panel_sg	http://fmwww.bc.edu/repec/bocode/p/ppml_panel_sg.ado	294
abar	http://fmwww.bc.edu/repec/bocode/a/abar.ado	293
charlson	http://fmwww.bc.edu/repec/bocode/c/charlson.ado	292
stpm2	http://fmwww.bc.edu/repec/bocode/s/stpm2.ado	291
diagt	http://fmwww.bc.edu/repec/bocode/d/diagt.ado	289
xtpqml	http://fmwww.bc.edu/repec/bocode/x/xtpqml.ado	289
reg2hdfe	http://fmwww.bc.edu/repec/bocode/r/reg2hdfe.ado	289
lincomest	http://fmwww.bc.edu/repec/bocode/l/lincomest.ado	287
cluster2	http://fmwww.bc.edu/repec/bocode/c/cluster2.ado	285
povdeco	http://fmwww.bc.edu/repec/bocode/p/povdeco.ado	283
rbounds	http://fmwww.bc.edu/repec/bocode/r/rbounds.ado	281
sdmxuse	http://fmwww.bc.edu/repec/bocode/s/sdmxuse.ado	280
sumup	http://fmwww.bc.edu/repec/bocode/s/sumup.ado	279
pmcalplot	http://fmwww.bc.edu/repec/bocode/p/pmcalplot.ado	278
sortl	http://fmwww.bc.edu/repec/bocode/s/sortl.ado	278
hamiltonfilter	http://fmwww.bc.edu/repec/bocode/h/hamiltonfilter.ado	277
grstest2	http://fmwww.bc.edu/repec/bocode/g/grstest2.ado	275
marginscontplot2	http://fmwww.bc.edu/repec/bocode/m/marginscontplot2.ado	275
scto	http://fmwww.bc.edu/repec/bocode/s/scto.ado	275
nsplit	http://fmwww.bc.edu/repec/bocode/n/nsplit.ado	274
xtdpdml	http://fmwww.bc.edu/repec/bocode/x/xtdpdml.ado	274
ivqreg2	http://fmwww.bc.edu/repec/bocode/i/ivqreg2.ado	272
chartab	http://fmwww.bc.edu/repec/bocode/c/chartab.ado	272
isvar	http://fmwww.bc.edu/repec/bocode/i/isvar.ado	271
ci2	http://fmwww.bc.edu/repec/bocode/c/ci2.ado	271
scat3	http://fmwww.bc.edu/repec/bocode/s/scat3.ado	271
metaprop	http://fmwww.bc.edu/repec/bocode/m/metaprop.ado	270
hadrilm	http://fmwww.bc.edu/repec/bocode/h/hadrilm.ado	269
latab	http://fmwww.bc.edu/repec/bocode/l/latab.ado	268
movestay	http://fmwww.bc.edu/repec/bocode/m/movestay.ado	267
bgshade	http://fmwww.bc.edu/repec/bocode/b/bgshade.ado	266
clus_nway	http://fmwww.bc.edu/repec/bocode/c/clus_nway.ado	266
stddiff	http://fmwww.bc.edu/repec/bocode/s/stddiff.ado	265
graphlog	http://fmwww.bc.edu/repec/bocode/g/graphlog.ado	264
gsample	http://fmwww.bc.edu/repec/bocode/g/gsample.ado	263
mimrgns	http://fmwww.bc.edu/repec/bocode/m/mimrgns.ado	262
matmap	http://fmwww.bc.edu/repec/bocode/m/matmap.ado	261
expgen	http://fmwww.bc.edu/repec/bocode/e/expgen.ado	261
opencagegeo	http://fmwww.bc.edu/repec/bocode/o/opencagegeo.ado	257
multimport	http://fmwww.bc.edu/repec/bocode/m/multimport.ado	256
paramed	http://fmwww.bc.edu/repec/bocode/p/paramed.ado	256
seq	http://fmwww.bc.edu/repec/bocode/s/seq.ado	253
eventstudyweights	http://fmwww.bc.edu/repec/bocode/e/eventstudyweights.ado	253
crossfold	http://fmwww.bc.edu/repec/bocode/c/crossfold.ado	253
cusum9	http://fmwww.bc.edu/repec/bocode/c/cusum9.ado	253
strgroup	http://fmwww.bc.edu/repec/bocode/s/strgroup.ado	252
dcreate	http://fmwww.bc.edu/repec/bocode/d/dcreate.ado	252
dmariano	http://fmwww.bc.edu/repec/bocode/d/dmariano.ado	251
wtp	http://fmwww.bc.edu/repec/bocode/w/wtp.ado	249
dfsummary	http://fmwww.bc.edu/repec/bocode/d/dfsummary.ado	249
povcalnet	http://fmwww.bc.edu/repec/bocode/p/povcalnet.ado	249
qregplot	http://fmwww.bc.edu/repec/bocode/q/qregplot.ado	248
kdens2	http://fmwww.bc.edu/repec/bocode/k/kdens2.ado	248
xtheckmanfe	http://fmwww.bc.edu/repec/bocode/x/xtheckmanfe.ado	247
byhist	http://fmwww.bc.edu/repec/bocode/b/byhist.ado	247
pwcorr2	http://fmwww.bc.edu/repec/bocode/p/pwcorr2.ado	247
ainequal	http://fmwww.bc.edu/repec/bocode/a/ainequal.ado	246
margeff	http://fmwww.bc.edu/repec/bocode/m/margeff.ado	245
dmexogxt	http://fmwww.bc.edu/repec/bocode/d/dmexogxt.ado	245
archqq	http://fmwww.bc.edu/repec/bocode/a/archqq.ado	244
erepost	http://fmwww.bc.edu/repec/bocode/e/erepost.ado	244
estwrite	http://fmwww.bc.edu/repec/bocode/e/estwrite.ado	244
matsave	http://fmwww.bc.edu/repec/bocode/m/matsave.ado	244
listtex	http://fmwww.bc.edu/repec/bocode/l/listtex.ado	241
dadjoke	http://fmwww.bc.edu/repec/bocode/d/dadjoke.ado	240
motivate	http://fmwww.bc.edu/repec/bocode/m/motivate.ado	238
matvsort	http://fmwww.bc.edu/repec/bocode/m/matvsort.ado	237
grsftest	http://fmwww.bc.edu/repec/bocode/g/grsftest.ado	236
partgam	http://fmwww.bc.edu/repec/bocode/p/partgam.ado	235
boxtid	http://fmwww.bc.edu/repec/bocode/b/boxtid.ado	235
admetan	http://fmwww.bc.edu/repec/bocode/a/admetan.ado	234
xtqptest	http://fmwww.bc.edu/repec/bocode/x/xtqptest.ado	234
ipfweight	http://fmwww.bc.edu/repec/bocode/i/ipfweight.ado	233
xthst	http://fmwww.bc.edu/repec/bocode/x/xthst.ado	233
mplotoffset	http://fmwww.bc.edu/repec/bocode/m/mplotoffset.ado	232
mahapick	http://fmwww.bc.edu/repec/bocode/m/mahapick.ado	232
matnames	http://fmwww.bc.edu/repec/bocode/m/matnames.ado	231
matpwcorr	http://fmwww.bc.edu/repec/bocode/m/matpwcorr.ado	231
domin	http://fmwww.bc.edu/repec/bocode/d/domin.ado	231
bioprobit	http://fmwww.bc.edu/repec/bocode/b/bioprobit.ado	231
cltest	http://fmwww.bc.edu/repec/bocode/c/cltest.ado	230
metandi	http://fmwww.bc.edu/repec/bocode/m/metandi.ado	230
mundlak	http://fmwww.bc.edu/repec/bocode/m/mundlak.ado	229
ihstrans	http://fmwww.bc.edu/repec/bocode/i/ihstrans.ado	229
csvconvert	http://fmwww.bc.edu/repec/bocode/c/csvconvert.ado	229
ptrend	http://fmwww.bc.edu/repec/bocode/p/ptrend.ado	229
keeporder	http://fmwww.bc.edu/repec/bocode/k/keeporder.ado	228
qic	http://fmwww.bc.edu/repec/bocode/q/qic.ado	227
bcoeff	http://fmwww.bc.edu/repec/bocode/b/bcoeff.ado	226
coldiag	http://fmwww.bc.edu/repec/bocode/c/coldiag.ado	225
spregdpd	http://fmwww.bc.edu/repec/bocode/s/spregdpd.ado	224
repest	http://fmwww.bc.edu/repec/bocode/r/repest.ado	223
distplot	http://fmwww.bc.edu/repec/bocode/d/distplot.ado	222
plotmatrix	http://fmwww.bc.edu/repec/bocode/p/plotmatrix.ado	222
iefieldkit	http://fmwww.bc.edu/repec/bocode/i/iefieldkit.ado	221
regwls	http://fmwww.bc.edu/repec/bocode/r/regwls.ado	220
xtdolshm	http://fmwww.bc.edu/repec/bocode/x/xtdolshm.ado	220
cfout	http://fmwww.bc.edu/repec/bocode/c/cfout.ado	220
norm	http://fmwww.bc.edu/repec/bocode/n/norm.ado	219
tabexport	http://fmwww.bc.edu/repec/bocode/t/tabexport.ado	218
egen_inequal	http://fmwww.bc.edu/repec/bocode/e/egen_inequal.ado	218
use13	http://fmwww.bc.edu/repec/bocode/u/use13.ado	217
randomtag	http://fmwww.bc.edu/repec/bocode/r/randomtag.ado	217
mvport	http://fmwww.bc.edu/repec/bocode/m/mvport.ado	217
cnstock	http://fmwww.bc.edu/repec/bocode/c/cnstock.ado	216
dpplot	http://fmwww.bc.edu/repec/bocode/d/dpplot.ado	216
xtcsi	http://fmwww.bc.edu/repec/bocode/x/xtcsi.ado	216
twopm	http://fmwww.bc.edu/repec/bocode/t/twopm.ado	215
csipolate	http://fmwww.bc.edu/repec/bocode/c/csipolate.ado	215
runmlwin	http://fmwww.bc.edu/repec/bocode/r/runmlwin.ado	214
johans	http://fmwww.bc.edu/repec/bocode/j/johans.ado	214
grtext	http://fmwww.bc.edu/repec/bocode/g/grtext.ado	213
equation	http://fmwww.bc.edu/repec/bocode/e/equation.ado	212
zipsave	http://fmwww.bc.edu/repec/bocode/z/zipsave.ado	212
conindex	http://fmwww.bc.edu/repec/bocode/c/conindex.ado	212
inequal2	http://fmwww.bc.edu/repec/bocode/i/inequal2.ado	211
mpi	http://fmwww.bc.edu/repec/bocode/m/mpi.ado	207
ivreg2hdfe	http://fmwww.bc.edu/repec/bocode/i/ivreg2hdfe.ado	207
hte	http://fmwww.bc.edu/repec/bocode/h/hte.ado	206
cleanchars	http://fmwww.bc.edu/repec/bocode/c/cleanchars.ado	206
clorenz	http://fmwww.bc.edu/repec/bocode/c/clorenz.ado	206
descogini	http://fmwww.bc.edu/repec/bocode/d/descogini.ado	206
eventstudy	http://fmwww.bc.edu/repec/bocode/e/eventstudy.ado	206
shapley2	http://fmwww.bc.edu/repec/bocode/s/shapley2.ado	205
doubleb	http://fmwww.bc.edu/repec/bocode/d/doubleb.ado	205
pwcorrf	http://fmwww.bc.edu/repec/bocode/p/pwcorrf.ado	203
sdecode	http://fmwww.bc.edu/repec/bocode/s/sdecode.ado	203
sumdist	http://fmwww.bc.edu/repec/bocode/s/sumdist.ado	202
